{"sections":{"featured-image":{"type":"main-collection-image","settings":{"style":"full","height":"pt-two-thirds-screen-height","color_scheme":"","use_gradient_background":false}},"banner":{"type":"main-collection-banner","settings":{"display_on_card":false,"show_collection_title":false,"show_collection_description":false,"linklist":"","color_scheme":"scheme1","use_gradient_background":false}},"product-grid":{"type":"main-collection-product-grid","settings":{"no_products":8,"display_on_card":true,"enable_quick_buy":true,"products_per_row_mobile":"1","products_per_row_desktop":4,"enable_filtering":false,"enable_sorting":false,"expand_filters":false,"show_filter_count":false,"enable_color_swatch_filters":false,"color_scheme":"scheme1","use_gradient_background":false}}},"order":["featured-image","banner","product-grid"]}