{"sections":{"image_with_text_overlay_1":{"type":"image-with-text-overlay","disabled":true,"settings":{"display_on_card":false,"display_content_below_image_on_mobile":true,"style":"full","height":"natural","place_content":"place-content-center-center","text_align":"text-center","title":"Image with text overlay","heading_size":"heading-standard","richtext":"","cta_url":"","cta_text":"Shop Now","color_scheme":"","use_gradient_background":false}},"image_with_text":{"type":"image-with-text","disabled":true,"settings":{"display_on_card":false,"crop":"","image_shape":"default","blob_type":1,"rotate_image":0,"image_position":"right","image_size":"half","disable_media_style":true,"title":"Image with text","heading_size":"heading-feature","richtext":"","text_alignment":"text-left","button_link":"","button_label":"Shop Now","color_scheme":"","use_gradient_background":false}},"scrolling_text_with_icons":{"type":"scrolling-text-with-icons","blocks":{"text_xa488F":{"type":"text","settings":{"text":"PREMIUM STRENGTH","icon":"star"}},"text_EMWNJx":{"type":"text","settings":{"text":"Super Long Lasting","icon":"clock"}},"text_c6tHKP":{"type":"text","settings":{"text":"100% Natural Ingredients","icon":"leaf"}},"text_43EPnp":{"type":"text","settings":{"text":"Palm Oil Free","icon":"palm_oil_free"}},"text_bqDVT6":{"type":"text","settings":{"text":"Anti-Bacterial + Anti-Inflammatory","icon":"anti_bacterial"}},"text_Fjdxfk":{"type":"text","settings":{"text":"SAFE ON Broken Skin","icon":"heart"}}},"block_order":["text_xa488F","text_EMWNJx","text_c6tHKP","text_43EPnp","text_bqDVT6","text_Fjdxfk"],"settings":{"repeat_text":true,"link":"","font":"font-heading heading-secondary","gap":"gap-20","icon_size":"size-6","speed":190,"direction":"","icon_thickness":1.5,"background_color":"bg-transparent text-scheme-text","show_border":true,"color_scheme":"scheme5","use_gradient_background":false}},"image_with_text_XQN4db":{"type":"image-with-text","custom_css":[],"settings":{"display_on_card":true,"image":"shopify:\/\/shop_images\/P1124219-Enhanced-NR.jpg","crop":"","image_shape":"default","blob_type":1,"rotate_image":0,"image_position":"right","image_size":"two_thirds","disable_media_style":false,"title":"Skin's best friend","heading_size":"heading-feature","richtext":"<p><strong>Good Good Balm™<\/strong> is a premium daily skin super balm designed to repair dry or irritated skin and keep healthy skin strong every day.<\/p>","text_alignment":"text-center","button_link":"shopify:\/\/products\/good-good-daily-super-balm","button_label":"shop","color_scheme":"scheme4","use_gradient_background":false}},"featured_testimonials":{"type":"featured-testimonials","blocks":{"testimonial_r3n9k7":{"type":"testimonial","settings":{"rating":"5_stars","quote":"Really great product! Helped with my psoriasis on my hands. Didn’t leave my hands feeling oily and irritated like topical steroid creams do. Smells great, and leaves the skin feeling refreshed and revitalised. This will be my go to for any skin ailments and even if I just want something to refresh my skin here and there. Highly recommend!","source":"Andy Miller - Trustpilot"}},"testimonial_GBEyN8":{"type":"testimonial","settings":{"rating":"5_stars","quote":"So glad I found this product! It’s made such a difference to my dry skin, had issues for ages on my knees, elbows and lips too, but now it’s gone. Also been a game changer for tattoo after care!","source":"Sean - Trustpiliot"}},"testimonial_jnATwG":{"type":"testimonial","settings":{"rating":"5_stars","quote":"I was sceptical about trying yet another natural product but I’m so glad I did! It is the perfect multi use balm. I have used it to heal my cracked skin on my feet, chapped lips, cuticles and even to smooth flyaway hairs! Amazing product. A great find.","source":"Victoria - Trustpilot"}}},"block_order":["testimonial_r3n9k7","testimonial_GBEyN8","testimonial_jnATwG"],"settings":{"display_on_card":true,"title":"","font":"font-body","mobile_text_scale":2,"desktop_text_scale":3,"source_font":"font-body","max_width":100,"disable_media_style":false,"crop":"","image_shape":"default","color_scheme":"scheme1","use_gradient_background":false}},"feature_text_thGCi6":{"type":"feature-text","custom_css":["* {font-family: \"Brandfont\", sans-serif !important;}"],"settings":{"rich_text":"FREQUENTLY ASKED QUESTIONS","mobile_text_scale":2,"desktop_text_scale":6,"display_on_card":true,"apply_effects":false,"content_width_desktop":"lg:w-full","button_link":"","button_label":"Shop Now","color_scheme":"scheme4","use_gradient_background":false}},"image_with_highlights":{"type":"image-with-highlights","blocks":{"highlight_AypNFh":{"type":"highlight","settings":{"title":"What is it?","text":"Super Balm is a high strength, skin solution made with the finest, 100% natural ingredients, designed to keep skin looking and feeling it's very best, everyday.","cta_link":"","cta_text":"","override_section_color_scheme":true,"color_scheme":"scheme4"}},"highlight_7GEFce":{"type":"highlight","settings":{"title":"How long will it last?","text":"\"It's powerful stuff, a little goes a very long way! A 50ml tin lasts me (Oliver) around 6 weeks with consistent use two to three times a day.\"","cta_link":"","cta_text":"","override_section_color_scheme":true,"color_scheme":"scheme4"}},"highlight_HrMPHb":{"type":"highlight","settings":{"title":"How Do I use it?","text":"Use sparingly in the morning and again at night time to help maintain healthy skin or as required on dry, irritated skin to sooth and repair.","cta_link":"","cta_text":"","override_section_color_scheme":true,"color_scheme":"scheme4"}},"highlight_YcthG9":{"type":"highlight","settings":{"title":"What is cbg?","text":"CBG is the \"mother\" of CBD, working deeper to calm irritation and boost skin repair. While CBD soothes, CBG speeds up recovery for stressed skin.","cta_link":"","cta_text":"","override_section_color_scheme":true,"color_scheme":"scheme4"}},"highlight_EAYJTm":{"type":"highlight","settings":{"title":"Safe For Kids?","text":"You must be over 18 to legally purchase CBD products in the UK. However, it is safe for kids and many of our customers feely use our balm on irritated skin as young as 6 months.","cta_link":"","cta_text":"","override_section_color_scheme":true,"color_scheme":"scheme4"}},"highlight_VTjGz9":{"type":"highlight","settings":{"title":"Will it get me high?","text":"Absolutely not, CBD and CBD are non psychoactive compounds and when applied topically on the skin, the only effect is protection and healing for the skin.","cta_link":"","cta_text":"","override_section_color_scheme":true,"color_scheme":"scheme4"}}},"block_order":["highlight_AypNFh","highlight_7GEFce","highlight_HrMPHb","highlight_YcthG9","highlight_EAYJTm","highlight_VTjGz9"],"settings":{"title":"","block_alignment_on_desktop":"justify-between","display_on_card":true,"slideshow_on_mobile":true,"slideshow_focus":"center","image":"shopify:\/\/shop_images\/45b21003-ab36-4f7f-8e4f-72141ef4d29d.jpg","max_width":1000,"crop":"aspect-w-3 aspect-h-4","image_shape":"default","blob_type":1,"rotate_image":0,"disable_media_style":false,"color_scheme":"scheme1","use_gradient_background":false}},"featured_collection_EtRicz":{"type":"featured-collection","name":"t:sections.featured_collection.name","settings":{"title":"","subheading":"","collection":"good-good-daily-super-balm","no_products":2,"show_view_all":false,"enable_quick_buy":false,"display_on_card":true,"layout":"grid","products_per_row_mobile":"1","products_per_row_desktop":2,"slideshow_focus":"center","mobile_slide_width":"three_fifths","desktop_slide_width":40,"autoscroll_mode":"1","product_tiles_aspect_ratio":"","image_shape":"","color_scheme":"scheme-5fb0e6ea-cf75-41da-9630-ec1d6eb0950b","use_gradient_background":false}},"scrolling_logos_MTAFBn":{"type":"scrolling-logos","blocks":{"logo_6Nq6tf":{"type":"logo","settings":{"image":"shopify:\/\/shop_images\/pinklogonoshadow.png","link":""}},"logo_dQTWgR":{"type":"logo","settings":{"image":"shopify:\/\/shop_images\/pinklogonoshadow.png","link":""}},"logo_xqGEGR":{"type":"logo","settings":{"image":"shopify:\/\/shop_images\/pinklogonoshadow.png","link":""}},"logo_mbTGCw":{"type":"logo","settings":{"image":"shopify:\/\/shop_images\/pinklogonoshadow.png","link":""}},"logo_r4DYYV":{"type":"logo","settings":{"image":"shopify:\/\/shop_images\/pinklogonoshadow.png","link":""}},"logo_dpWETA":{"type":"logo","settings":{"image":"shopify:\/\/shop_images\/pinklogonoshadow.png","link":""}}},"block_order":["logo_6Nq6tf","logo_dQTWgR","logo_xqGEGR","logo_mbTGCw","logo_r4DYYV","logo_dpWETA"],"settings":{"title":"","max_width":160,"speed":110,"direction":"reverse","color_scheme":"","use_gradient_background":false}},"text_columns_with_images":{"type":"text-columns-with-images","blocks":{"column_AGRAWm":{"type":"column","settings":{"show_image":true,"image":"shopify:\/\/shop_images\/P1125212-Enhanced-NR-2.jpg","title":"trusted by professionals","text":"<p>Fin had been using harsh steroid creams for his arms and face for over 5 years until he found Good Good. He's now steroid free!!<\/p>","cta_link":"","cta_text":"","override_section_color_scheme":true,"color_scheme":"scheme4"}},"column_TFwmbb":{"type":"column","settings":{"show_image":true,"image":"shopify:\/\/shop_images\/e5b84ed0-a9f5-40bd-b5e9-374506f54886_2.jpg","title":"Can provide fast relief","text":"<p>Samie was struggling with chronic Psoriasis on her hands, nothing she tried really worked. She found relief in under 24 hours using Good Good!!<\/p>","cta_link":"shopify:\/\/blogs\/the-good-good-blog\/always-read-the-label-dont-use-these-5-ingredients","cta_text":"","override_section_color_scheme":true,"color_scheme":"scheme4"}},"column_Ppgnwg":{"type":"column","settings":{"show_image":true,"image":"shopify:\/\/shop_images\/IMG_7613-3.jpg","title":"Versatile","text":"<p>Josh is freelance marketer, DJ and avid traveller. He uses Good Good on the slopes, in the jungle and in the studio. The perfect one product skin care routine.<\/p>","cta_link":"","cta_text":"","override_section_color_scheme":true,"color_scheme":"scheme4"}}},"block_order":["column_AGRAWm","column_TFwmbb","column_Ppgnwg"],"settings":{"display_on_card":true,"slideshow_on_mobile":false,"title":"","crop":"aspect-w-1 aspect-h-1","image_shape":"default","show_index_on_blocks":false,"index_shape":"star_1","color_scheme":"","use_gradient_background":false}},"video_with_text_overlay":{"type":"video-with-text-overlay","settings":{"video":"shopify:\/\/files\/videos\/0408 (2)(1).mov","crop":"square","crop_desktop":"cinematic","display_on_card":false,"display_content_below_image_on_mobile":true,"style":"inset","place_content":"place-content-start-center","text_align":"text-center","title":"","heading_size":"heading-standard","richtext":"","cta_url":"","cta_text":"","color_scheme":"scheme1","use_gradient_background":false}}},"order":["image_with_text_overlay_1","image_with_text","scrolling_text_with_icons","image_with_text_XQN4db","featured_testimonials","feature_text_thGCi6","image_with_highlights","featured_collection_EtRicz","scrolling_logos_MTAFBn","text_columns_with_images","video_with_text_overlay"]}