{"sections":{"main":{"type":"main-page","settings":{"max_width":"medium","display_on_card":true,"color_scheme":"scheme4","use_gradient_background":false}},"faq_gann34":{"type":"faq","blocks":{"question_7tGHWf":{"type":"question","settings":{"icon":"none","title":"What Is It?","answer":"<p>Super Balm is a high strength, skin solution made with the finest, 100% natural ingredients, designed to keep skin looking and feeling it's very best, everyday.<\/p>"}},"question_zbKhhd":{"type":"question","settings":{"icon":"none","title":"What is CBG?","answer":"<p>CBG is the \"mother\" of CBD, working deeper to calm irritation and boost skin repair. While CBD soothes, CBG speeds up recovery for stressed skin.<\/p>"}},"question_mRmBG4":{"type":"question","settings":{"icon":"none","title":"How do i use it?","answer":"<p>Use sparingly in the morning and again at night time to help maintain healthy skin or as required on dry, irritated skin to sooth and repair.<\/p>"}},"question_8D7W3C":{"type":"question","settings":{"icon":"none","title":"Will it get me high?","answer":"<p>Absolutely not, CBD and CBD are non psychoactive compounds and when applied topically on the skin, the only effect is protection and healing for the skin.<\/p>"}},"question_qXbLBA":{"type":"question","settings":{"icon":"none","title":"Is it safe for kids?","answer":"<p>You must be over 18 to legally purchase CBD products in the UK. However, it is safe for kids and many of our customers feely use our balm on irritated skin as young as 6 months.<\/p>"}},"question_RV9g7b":{"type":"question","settings":{"icon":"none","title":"Why does it works so well?","answer":"<p>Use this text to share the answer to the question with your customers.<\/p>"}},"question_NXz8GM":{"type":"question","settings":{"icon":"none","title":"How long will it last?","answer":"<p>\"It's powerful stuff, a little goes a very long way! A 50ml tin lasts me (Oliver) around 6 weeks with consistent use two to three times a day.\"<\/p>"}},"question_aVKcW9":{"type":"question","settings":{"icon":"none","title":"It's legal, right?","answer":"<p>Use this text to share the answer to the question with your customers.<\/p>"}}},"block_order":["question_7tGHWf","question_zbKhhd","question_mRmBG4","question_8D7W3C","question_qXbLBA","question_RV9g7b","question_NXz8GM","question_aVKcW9"],"settings":{"display_on_card":true,"heading_text_style":"heading","two_columns_desktop":true,"title":"","richtext":"","color_scheme":"scheme4","use_gradient_background":false}},"image_with_text_ae3Hdm":{"type":"image-with-text","settings":{"display_on_card":true,"image":"shopify:\/\/shop_images\/IMG_0060-Enhanced-NR.jpg","crop":"","image_shape":"default","blob_type":1,"rotate_image":0,"image_position":"right","image_size":"half","disable_media_style":false,"title":"Image with text","heading_size":"heading-feature","richtext":"","text_alignment":"text-left","button_link":"","button_label":"Shop Now","color_scheme":"scheme4","use_gradient_background":false}}},"order":["main","faq_gann34","image_with_text_ae3Hdm"]}