{"sections":{"main":{"type":"main-product","blocks":{"title":{"type":"title","settings":{"display_on_card":true,"text_align":"text-left"}},"price":{"type":"price","settings":{"display_on_card":true,"show_on_sale_sticker":false,"text_align":"text-left"}},"quantity_selector":{"type":"quantity_selector","settings":{"display_on_card":true,"show_label":true}},"variant_picker":{"type":"variant_picker","settings":{"display_on_card":false,"option_style":"drop_down","full_width_buttons":false,"hide_option_labels":false,"enable_color_swatches":false}},"baf3083e-d14d-435d-bca3-100d6ac490ce":{"type":"buy_buttons","settings":{"display_on_card":true,"show_price":true,"enable_payment_button":true,"show_pickup_availability":false,"show_gift_card_recipient":false}},"a17e90c4-acc9-4f1d-af84-828ae4cb2289":{"type":"description","settings":{"display_on_card":true,"truncate_description":false,"text_align":"text-left"}}},"block_order":["title","price","quantity_selector","variant_picker","baf3083e-d14d-435d-bca3-100d6ac490ce","a17e90c4-acc9-4f1d-af84-828ae4cb2289"],"settings":{"crop":"","image_shape":"default","desktop_media_width":"lg:col-span-6_lg:col-span-6","show_slideshow_arrows_on_desktop":false,"enable_image_zoom":false,"enable_video_looping":true,"autoplay_videos_on_desktop":true,"media_mobile_width":"w-full","thumbnails_position":"under","thumbnail_crop":"aspect-w-1 aspect-h-1","thumbnail_shape":"default","thumbnail_size":"standard","show_thumbnails_on_mobile":true,"hide_media_shadow":false,"color_scheme":"scheme4","use_gradient_background":false}},"related-products":{"type":"related-products","settings":{"display_on_card":true,"enable_quick_buy":false,"related_products_heading":"","max_products":"3","product_tiles_aspect_ratio":"","image_shape":"","color_scheme":"scheme-5fb0e6ea-cf75-41da-9630-ec1d6eb0950b","use_gradient_background":false}}},"order":["main","related-products"]}