{"type":"footer","name":"Footer","sections":{"footer":{"type":"footer","blocks":{"tagline-and-social-links-0":{"type":"tagline_and_social_links","settings":{"tagline":"Welcome To The Good Good Life","show_social_icons":true}},"menus-0":{"type":"menus","settings":{"show_menu_headings":false,"linklist_1":"","linklist_2":"","linklist_3":""}}},"block_order":["tagline-and-social-links-0","menus-0"],"settings":{"show_payment_icons":false,"show_country_selector":true,"show_locale_selector":true,"color_scheme":"scheme3","use_gradient_background":true}}},"order":["footer"]}