{"type":"header","name":"Header","sections":{"announcement-bar":{"type":"announcement-bar","disabled":true,"settings":{"home_page_only":true,"display":"static","text":"Announce something here","link":"","color_scheme":"secondary","use_gradient_background":false,"repeat_text":true,"shape_between_text":"10_point_star","animate_shape_between_text":true,"speed":120,"direction":""}},"header":{"type":"header","custom_css":["ul li a {font-family: Brandfont !important;}"],"settings":{"logo":"shopify:\/\/shop_images\/pinklogonoshadow.png","logo_max_width":80,"main_linklist":"main-menu","nested_nav_style":"dropdown","showcase_top_level_collections":false,"show_all_navigation_links":false,"showcase_second_level_links":false,"crop":"","header_layout":"logo_left_navigation_center","header_show_search":false,"sticky_header":false,"show_icons":false,"enable_overlay_on_homepage":false,"enable_overlay_on_collection_pages":false,"enable_overlay_on_product_pages":false,"overlay_logo":"shopify:\/\/shop_images\/pinklogonoshadow.png","overlay_color_scheme":"scheme5","transparent_when_overlaid_and_stuck":true,"overlay_show_separator_border":false,"overlay_first_section_padding_top_desktop":6,"overlay_first_section_padding_top_mobile":6,"color_scheme":"scheme2","active_color_scheme":"scheme2","mobile_main_linklist":"main-menu","sidebar_menu_font_size":"heading-secondary","sidebar_show_footer_menu":false,"sidebar_show_social_icons":true}}},"order":["announcement-bar","header"]}