{"type":"aside","name":"Overlay","sections":{"call-to-action":{"type":"call-to-action","disabled":true,"settings":{"animate_in":true,"text":"Sticker","url":"","shape":"circle","width":150,"sticker_font_size":"1.563rem","rotate":0,"animate_rotation":false,"show_sticker_on_mobile":true,"color_scheme":"scheme1","color":"bg-scheme-accent-1 text-scheme-accent-1-contrast"}},"age-check":{"type":"age-check","settings":{"enable":false,"logo_max_width":100,"title":"Age verification","text":"Are you over 21 years of age?","display_on_card":true,"mode":"buttons","yes_button_text":"Yes","no_button_text":"No","date_format":"mm-dd-yyyy","minimum_age":18,"redirect_link":"","color_scheme":"scheme1","use_gradient_background":false}}},"order":["call-to-action","age-check"]}