{"current":{"drawer_color_scheme":"scheme3","base_font_size":16,"base_line_height":1.4,"type_heading_font":"poppins_n4","heading_uppercase":true,"heading_letterspacing":0,"heading_line_height":0.9,"mobile_standard_heading_scale":4,"desktop_standard_heading_scale":5,"mobile_feature_heading_scale":6,"desktop_feature_heading_scale":10,"mobile_secondary_heading_scale":2,"desktop_secondary_heading_scale":2,"type_main_font":"poppins_n4","header_font":"font-main","header_uppercase":false,"button_font":"heading","button_uppercase":true,"sticker_font":"font-heading","stickers_uppercase":true,"product_tile_uppercase":true,"vertical_spacing_between_sections":"1rem:2rem","show_border_between_sections":false,"section_border_thickness":2,"button_border_radius":"0.5rem","button_color":"accent-1","button_border_width":2,"button_drop_shadow_size":4,"button_shadow_color":"color-scheme-text","button_shadow_direction":"bottom_right","button_show_border_on_shadow":true,"sticker_border_radius":"0","sticker_border_width":0,"sticker_border_color":"color-scheme-text","sticker_drop_shadow_size":0,"sticker_shadow_color":"color-scheme-text","card_border_radius":"1rem","card_border_width":3,"card_border_color":"color-scheme-text","card_drop_shadow_size":8,"card_shadow_style":"full","card_shadow_color":"color-scheme-text","card_shadow_direction":"bottom_right","card_show_border_on_shadow":true,"media_border_radius":"0.375rem","media_border_width":3,"media_border_color":"color-scheme-text","media_drop_shadow_size":8,"media_shadow_style":"full","media_shadow_color":"color-scheme-text","media_shadow_direction":"bottom_right","media_show_border_on_shadow":true,"icon_thickness":1.7,"general_border_width":2,"product_tiles_show_vendor":false,"product_tiles_scatter":false,"product_tiles_aspect_ratio":"aspect-w-1 aspect-h-1","product_tile_media_shape":"default","product_tiles_second_image_on_hover":true,"hover_effect_zoom_media":true,"hover_effect_enlarge_shape":false,"hover_effect_rotate_shape":false,"hover_effect_lift_shape":false,"hover_effect_rotate_level":-25,"on_sale_badge_shape":"circle","sold_out_badge_shape":"circle","badge_font_size":"1.953rem","product_tile_metafield_badge":"","metafield_badge_shape":"uneven_star_wide","apply_to_standard_headings":false,"apply_to_feature_headings":false,"heading_color":"color-scheme-text","heading_stroke_thickness":2,"heading_stroke_color":"color-scheme-text","heading_drop_shadow_style":"drop_shadow","heading_drop_shadow_size":13,"heading_drop_shadow_color":"color-scheme-accent-1","heading_italics_decoration":"highlight","underline_style":"wavy","currency_code_enabled":false,"social_style":"icons","social_instagram_link":"https:\/\/instagram.com\/goodgoodbalm","social_facebook_link":"https:\/\/facebook.com\/goodgoodbalm","social_twitter_link":"https:\/\/x.com\/goodgoodbalm","social_email_link":"hello@goodgodbalm.com","cart_icon":"bag","cart_vendor_enable":false,"cart_type":"modal","open_modal_on_add_to_cart":true,"free_shipping_threshold":"59","shipping_bar_color_scheme":"scheme3","favicon":"shopify:\/\/shop_images\/pinklogonoshadow.png","navigation_font":"font-main","navigation_uppercase":false,"product_tiles_quick_buy":true,"button_border_color":"color-scheme-text","button_shadow_style":"full","sticker_shadow_style":"full","scatter_product_tiles":true,"sticker_color":"bg-scheme-card text-scheme-card-text","sticker_show_shadow":true,"image_style_1_style":"clip-triangle","image_style_1_border_width":2,"image_style_1_border_color":"bg-scheme-text","image_style_1_show_shadow":true,"image_style_1_shadow_style":"bg-current","image_style_1_shadow_color":"text-scheme-text","button_show_shadow":true,"card_show_shadow":true,"card_drop_shadow_spread":6,"gradient_color_1":"#d481ff","gradient_color_2":"#00ffc6","gradient_color_3":"#618eff","gradient_color_4":"#fff286","heading_drop_shadow_spread":6,"button_style":"none","heading_drop_shadow_opacity":8,"color_primary_alt_background":"#ffaeae","color_primary_meta":"#161414","content_for_index":[],"blocks":{"6468128024931565999":{"type":"shopify:\/\/apps\/seguno-popups\/blocks\/popup-app-embed\/f53bd66f-9a20-4ce2-ae2e-ccbd0148bd4b","disabled":false,"settings":{}}},"color_schemes":{"scheme1":{"settings":{"text":"#000000","text_contrast":"#000000","background":"#024638","gradient":"","accent_1":"#f7ced7","accent_1_contrast":"#024638","accent_2":"#ffda22","accent_2_contrast":"#f7ced7","card_text":"#ffffff","card":"#024638"}},"scheme2":{"settings":{"text":"#f7ced7","text_contrast":"#ffffff","background":"#024638","gradient":"","accent_1":"#ffffff","accent_1_contrast":"#000000","accent_2":"#ffcc37","accent_2_contrast":"#000000","card_text":"#000000","card":"#ffffff"}},"scheme3":{"settings":{"text":"#024638","text_contrast":"#ffffff","background":"#f7ced7","gradient":"","accent_1":"#024638","accent_1_contrast":"#ffffff","accent_2":"#ff2524","accent_2_contrast":"#000000","card_text":"#000000","card":"#ffffff"}},"scheme4":{"settings":{"text":"#000000","text_contrast":"#ffffff","background":"#024638","gradient":"","accent_1":"#f7ced7","accent_1_contrast":"#024638","accent_2":"#000000","accent_2_contrast":"#ffffff","card_text":"#024638","card":"#ffffff"}},"scheme5":{"settings":{"text":"#024638","text_contrast":"#ffffff","background":"#ffffff","gradient":"","accent_1":"#f7ced7","accent_1_contrast":"#ffffff","accent_2":"#ffffff","accent_2_contrast":"#ffffff","card_text":"#024638","card":"#f7ced7"}},"scheme6":{"settings":{"text":"#024638","text_contrast":"#ffffff","background":"#ffffff","gradient":"","accent_1":"#f7ced7","accent_1_contrast":"#024638","accent_2":"#ffffff","accent_2_contrast":"#f7ced7","card_text":"#ffffff","card":"#024638"}},"scheme-5fb0e6ea-cf75-41da-9630-ec1d6eb0950b":{"settings":{"text":"#000000","text_contrast":"#f7ced7","background":"#024638","gradient":"","accent_1":"#f7ced7","accent_1_contrast":"#ffffff","accent_2":"#ffda22","accent_2_contrast":"#ffffff","card_text":"#024638","card":"#ffffff"}}}},"presets":{"Bold":{"base_font_size":16,"base_line_height":1.4,"type_heading_font":"prompt_n9","heading_uppercase":true,"heading_letterspacing":0,"heading_line_height":0.9,"mobile_standard_heading_scale":4,"desktop_standard_heading_scale":5,"mobile_feature_heading_scale":6,"desktop_feature_heading_scale":10,"mobile_secondary_heading_scale":2,"desktop_secondary_heading_scale":2,"type_main_font":"inter_n5","header_font":"font-main","header_uppercase":true,"button_font":"heading","button_uppercase":true,"sticker_font":"font-heading","stickers_uppercase":true,"product_tile_uppercase":true,"vertical_spacing_between_sections":"2rem:4rem","show_border_between_sections":false,"section_border_thickness":2,"button_border_radius":"9999px","button_color":"accent-1","button_border_width":2,"button_drop_shadow_size":4,"button_shadow_color":"color-scheme-text","button_shadow_direction":"bottom_right","button_show_border_on_shadow":true,"sticker_border_radius":"0","sticker_border_width":0,"sticker_border_color":"color-scheme-text","sticker_drop_shadow_size":0,"sticker_shadow_color":"color-scheme-text","card_border_radius":"0.375rem","card_border_width":3,"card_border_color":"color-scheme-text","card_drop_shadow_size":8,"card_shadow_style":"full","card_shadow_color":"color-scheme-text","card_shadow_direction":"bottom_right","card_show_border_on_shadow":true,"media_border_radius":"0.375rem","media_border_width":3,"media_border_color":"color-scheme-text","media_drop_shadow_size":8,"media_shadow_style":"full","media_shadow_color":"color-scheme-text","media_shadow_direction":"bottom_right","media_show_border_on_shadow":true,"icon_thickness":1.7,"general_border_width":2,"product_tiles_show_vendor":false,"product_tiles_scatter":false,"product_tiles_aspect_ratio":"aspect-w-1 aspect-h-1","product_tile_media_shape":"default","product_tiles_second_image_on_hover":true,"hover_effect_zoom_media":true,"hover_effect_enlarge_shape":false,"hover_effect_rotate_shape":false,"hover_effect_lift_shape":false,"hover_effect_rotate_level":-25,"on_sale_badge_shape":"circle","sold_out_badge_shape":"circle","badge_font_size":"1.953rem","product_tile_metafield_badge":"","metafield_badge_shape":"uneven_star_wide","apply_to_standard_headings":false,"apply_to_feature_headings":false,"heading_color":"color-scheme-accent-2","heading_stroke_thickness":2,"heading_stroke_color":"color-scheme-text","heading_drop_shadow_style":"full_shadow","heading_drop_shadow_size":13,"heading_drop_shadow_color":"color-scheme-accent-1","underline_style":"wavy","social_style":"icons","cart_icon":"bag","navigation_font":"font-main","navigation_uppercase":false,"product_tiles_quick_buy":true,"button_border_color":"color-scheme-text","button_shadow_style":"full","sticker_shadow_style":"full","scatter_product_tiles":true,"sticker_color":"bg-scheme-card text-scheme-card-text","sticker_show_shadow":true,"image_style_1_style":"clip-triangle","image_style_1_border_width":2,"image_style_1_border_color":"bg-scheme-text","image_style_1_show_shadow":true,"image_style_1_shadow_style":"bg-current","image_style_1_shadow_color":"text-scheme-text","button_show_shadow":true,"card_show_shadow":true,"card_drop_shadow_spread":6,"gradient_color_1":"#d481ff","gradient_color_2":"#00ffc6","gradient_color_3":"#618eff","gradient_color_4":"#fff286","heading_drop_shadow_spread":6,"button_style":"none","heading_drop_shadow_opacity":8,"color_primary_alt_background":"#ffaeae","color_primary_meta":"#161414","content_for_index":[],"color_schemes":{"scheme1":{"settings":{"text":"#000000","text_contrast":"#ffffff","background":"#ffffff","gradient":"","accent_1":"#5aff24","accent_1_contrast":"#000000","accent_2":"#ffda22","accent_2_contrast":"#000000","card_text":"#000000","card":"#ffffff"}},"scheme2":{"settings":{"text":"#000000","text_contrast":"#ffffff","background":"#ff2524","gradient":"","accent_1":"#ffffff","accent_1_contrast":"#000000","accent_2":"#ffcc37","accent_2_contrast":"#000000","card_text":"#000000","card":"#ffffff"}},"scheme3":{"settings":{"text":"#000000","text_contrast":"#ffffff","background":"#ffcc37","gradient":"","accent_1":"#ffffff","accent_1_contrast":"#000000","accent_2":"#ff2524","accent_2_contrast":"#000000","card_text":"#000000","card":"#ffffff"}},"scheme4":{"settings":{"text":"#000000","text_contrast":"#ffffff","background":"#5aff24","gradient":"","accent_1":"#ffffff","accent_1_contrast":"#000000","accent_2":"#000000","accent_2_contrast":"#ffffff","card_text":"#000000","card":"#ffffff"}},"scheme5":{"settings":{"text":"#ffffff","text_contrast":"#000000","background":"#000000","gradient":"","accent_1":"#ffffff","accent_1_contrast":"#000000","accent_2":"#000000","accent_2_contrast":"#ffffff","card_text":"#ffffff","card":"#000000"}},"scheme6":{"settings":{"text":"#000000","text_contrast":"#ffffff","background":"#ffffff","gradient":"","accent_1":"#000000","accent_1_contrast":"#ffffff","accent_2":"#ffffff","accent_2_contrast":"#000000","card_text":"#000000","card":"#ffffff"}}}},"Neon":{"base_font_size":16,"type_heading_font":"dela_gothic_one_n4","heading_uppercase":true,"heading_letterspacing":0,"heading_line_height":0.9,"mobile_standard_heading_scale":4,"desktop_standard_heading_scale":5,"mobile_feature_heading_scale":4,"desktop_feature_heading_scale":8,"mobile_secondary_heading_scale":1,"desktop_secondary_heading_scale":1,"type_main_font":"instrument_sans_n4","header_uppercase":true,"button_font":"heading","button_uppercase":true,"stickers_uppercase":true,"product_tile_uppercase":true,"vertical_spacing_between_sections":"2rem:4rem","show_border_between_sections":false,"section_border_thickness":2,"button_border_radius":"0","button_color":"accent-1","secondary_button_color":"match_background","button_border_width":2,"button_drop_shadow_size":6,"button_shadow_color":"color-scheme-accent-2","button_shadow_direction":"bottom_right","button_show_border_on_shadow":true,"sticker_border_radius":"0","sticker_border_width":2,"sticker_border_color":"color-scheme-text","sticker_drop_shadow_size":0,"sticker_shadow_color":"color-scheme-text","card_border_radius":"0","card_border_width":2,"card_border_color":"color-scheme-text","card_drop_shadow_size":12,"card_shadow_style":"full","card_shadow_color":"color-scheme-accent-1","card_shadow_direction":"bottom_right","card_show_border_on_shadow":true,"media_border_radius":"0.375rem","media_border_width":2,"media_border_color":"color-scheme-text","media_drop_shadow_size":12,"media_shadow_style":"full","media_shadow_color":"color-scheme-accent-1","media_shadow_direction":"bottom_right","media_show_border_on_shadow":true,"icon_thickness":1.5,"general_border_width":2,"product_tiles_show_vendor":false,"product_tiles_scatter":true,"product_tiles_aspect_ratio":"aspect-w-1 aspect-h-1","product_tile_media_shape":"overlapped","product_tiles_second_image_on_hover":true,"hover_effect_zoom_media":true,"hover_effect_enlarge_shape":false,"hover_effect_rotate_shape":true,"hover_effect_lift_shape":false,"hover_effect_rotate_level":-5,"hover_effect_lift_level":0.2,"on_sale_badge_shape":"circle","sold_out_badge_shape":"circle","badge_font_size":"1.953rem","product_tile_metafield_badge":"badge","metafield_badge_shape":"diamond","apply_to_standard_headings":false,"apply_to_feature_headings":false,"heading_color":"color-scheme-text","heading_stroke_thickness":0,"heading_stroke_color":"color-scheme-text","heading_drop_shadow_style":"full_shadow","heading_drop_shadow_size":0,"heading_drop_shadow_color":"color-scheme-accent-1","heading_italics_style":"normal","heading_italics_color":"color-scheme-accent-1","rich_text_links_color":"text","social_style":"text","cart_icon":"bag","navigation_font":"font-main","navigation_uppercase":false,"product_tiles_quick_buy":true,"button_border_color":"color-scheme-text","button_shadow_style":"full","sticker_shadow_style":"full","scatter_product_tiles":true,"sticker_color":"bg-scheme-card text-scheme-card-text","sticker_show_shadow":true,"image_style_1_style":"clip-triangle","image_style_1_border_width":2,"image_style_1_border_color":"bg-scheme-text","image_style_1_show_shadow":true,"image_style_1_shadow_style":"bg-current","image_style_1_shadow_color":"text-scheme-text","button_show_shadow":true,"card_show_shadow":true,"card_drop_shadow_spread":6,"heading_drop_shadow_spread":6,"button_style":"none","heading_drop_shadow_opacity":8,"color_primary_alt_background":"#ffaeae","color_primary_meta":"#161414","content_for_index":[],"color_schemes":{"scheme1":{"settings":{"text":"#000000","text_contrast":"#ffffff","background":"#ffffff","gradient":"","accent_1":"#ff69ae","accent_1_contrast":"#000000","accent_2":"#c789ff","accent_2_contrast":"#000000","card_text":"#0e1732","card":"#ffffff"}},"scheme2":{"settings":{"text":"#000000","text_contrast":"#ffffff","background":"#eaeaea","gradient":"","accent_1":"#ff69ae","accent_1_contrast":"#000000","accent_2":"#c789ff","accent_2_contrast":"#000000","card_text":"#fd795b","card":"#111a37"}},"scheme3":{"settings":{"text":"#000000","text_contrast":"#ffffff","background":"#c789ff","gradient":"","accent_1":"#ff69ae","accent_1_contrast":"#000000","accent_2":"#ffffff","accent_2_contrast":"#000000","card_text":"#000000","card":"#ffffff"}},"scheme4":{"settings":{"text":"#000000","text_contrast":"#ffffff","background":"#ff69ae","gradient":"","accent_1":"#c789ff","accent_1_contrast":"#000000","accent_2":"#ffffff","accent_2_contrast":"#000000","card_text":"#000000","card":"#ffffff"}},"scheme5":{"settings":{"text":"#ffffff","text_contrast":"#000000","background":"#000000","gradient":"","accent_1":"#ffffff","accent_1_contrast":"#000000","accent_2":"#000000","accent_2_contrast":"#ffffff","card_text":"#ffffff","card":"#000000"}},"scheme6":{"settings":{"text":"#000000","text_contrast":"#ffffff","background":"#ffffff","gradient":"","accent_1":"#000000","accent_1_contrast":"#ffffff","accent_2":"#ffffff","accent_2_contrast":"#000000","card_text":"#000000","card":"#ffffff"}}}},"Pastel":{"base_font_size":18,"base_line_height":1.1,"type_heading_font":"libre_caslon_text_n4","heading_uppercase":false,"heading_letterspacing":-50,"heading_line_height":0.8,"mobile_standard_heading_scale":4,"desktop_standard_heading_scale":7,"mobile_feature_heading_scale":3,"desktop_feature_heading_scale":9,"mobile_secondary_heading_scale":1,"desktop_secondary_heading_scale":3,"type_main_font":"archivo_narrow_n4","header_font":"font-main","header_uppercase":true,"button_font":"main","button_uppercase":true,"sticker_font":"font-heading","stickers_uppercase":false,"vertical_spacing_between_sections":"2rem:4rem","show_border_between_sections":true,"section_border_color":"#233102","section_border_thickness":2,"button_border_radius":"9999px","button_color":"text","button_border_width":2,"button_drop_shadow_size":5,"button_shadow_color":"color-scheme-accent-1","button_shadow_direction":"bottom_right","button_show_border_on_shadow":true,"sticker_border_radius":"0","sticker_border_width":0,"sticker_border_color":"color-scheme-text","sticker_drop_shadow_size":0,"sticker_shadow_color":"color-scheme-text","card_border_radius":"0","card_border_width":2,"card_border_color":"color-scheme-text","card_drop_shadow_size":15,"card_shadow_style":"full","card_shadow_color":"color-scheme-accent-1","card_shadow_direction":"bottom_right","card_show_border_on_shadow":true,"media_border_radius":"0.375rem","media_border_width":2,"media_border_color":"color-scheme-text","media_drop_shadow_size":0,"media_shadow_style":"full","media_shadow_color":"color-scheme-gradient","media_shadow_direction":"bottom","media_show_border_on_shadow":true,"icon_thickness":1.8,"general_border_width":2,"product_tiles_show_vendor":false,"product_tiles_scatter":true,"product_tiles_aspect_ratio":"aspect-w-1 aspect-h-1","product_tile_media_shape":"pancake_stack","product_tiles_second_image_on_hover":true,"hover_effect_zoom_media":true,"hover_effect_rotate_shape":true,"hover_effect_lift_shape":true,"on_sale_badge_shape":"circle","sold_out_badge_shape":"circle","product_tile_metafield_badge":"badge","metafield_badge_shape":"scalloped_circle_1","apply_to_standard_headings":false,"apply_to_feature_headings":false,"heading_color":"color-scheme-accent-1","heading_stroke_thickness":2,"heading_stroke_color":"color-scheme-text","heading_drop_shadow_style":"full_shadow","heading_drop_shadow_size":20,"heading_drop_shadow_color":"color-scheme-text","heading_italics_color":"color-scheme-text","sharing_display":"icons","social_style":"icons","cart_icon":"bag","navigation_font":"font-main","navigation_uppercase":false,"product_tiles_quick_buy":true,"button_border_color":"color-scheme-text","button_shadow_style":"full","sticker_shadow_style":"full","scatter_product_tiles":true,"sticker_color":"bg-scheme-card text-scheme-card-text","sticker_show_shadow":true,"image_style_1_style":"clip-triangle","image_style_1_border_width":2,"image_style_1_border_color":"bg-scheme-text","image_style_1_show_shadow":true,"image_style_1_shadow_style":"bg-current","image_style_1_shadow_color":"text-scheme-text","button_show_shadow":true,"card_show_shadow":true,"card_drop_shadow_spread":6,"heading_drop_shadow_spread":6,"button_style":"none","heading_drop_shadow_opacity":8,"color_primary_alt_background":"#ffaeae","color_primary_meta":"#161414","content_for_index":[],"color_schemes":{"scheme1":{"settings":{"text":"#233102","text_contrast":"#eeff96","background":"#eeff96","gradient":"","accent_1":"#f7ffc8","accent_1_contrast":"#233102","accent_2":"#ffffff","accent_2_contrast":"#233102","card_text":"#233102","card":"#eeff96"}},"scheme2":{"settings":{"text":"#440151","text_contrast":"#ecb3ff","background":"#ecb3ff","gradient":"","accent_1":"#f1ceff","accent_1_contrast":"#440151","accent_2":"#ffffff","accent_2_contrast":"#440151","card_text":"#440151","card":"#ecb3ff"}},"scheme3":{"settings":{"text":"#063b46","text_contrast":"#6bfdfd","background":"#6bfdfd","gradient":"","accent_1":"#a3fefc","accent_1_contrast":"#063b46","accent_2":"#ffffff","accent_2_contrast":"#063b46","card_text":"#063b46","card":"#6bfdfd"}},"scheme4":{"settings":{"text":"#00341d","text_contrast":"#7effc1","background":"#7effc1","gradient":"","accent_1":"#b2ffd9","accent_1_contrast":"#00341d","accent_2":"#ffffff","accent_2_contrast":"#00341d","card_text":"#00341d","card":"#7effc1"}},"scheme5":{"settings":{"text":"#ffffff","text_contrast":"#000000","background":"#000000","gradient":"","accent_1":"#ffffff","accent_1_contrast":"#000000","accent_2":"#000000","accent_2_contrast":"#ffffff","card_text":"#ffffff","card":"#000000"}},"scheme6":{"settings":{"text":"#000000","text_contrast":"#ffffff","background":"#ffffff","gradient":"","accent_1":"#000000","accent_1_contrast":"#ffffff","accent_2":"#ffffff","accent_2_contrast":"#000000","card_text":"#000000","card":"#ffffff"}}}},"Muted":{"drawer_color_scheme":"scheme2","selected_text_background_color":"accent_2","base_font_size":16,"type_heading_font":"fraunces_n3","heading_uppercase":false,"heading_letterspacing":-50,"heading_line_height":1,"mobile_standard_heading_scale":2,"desktop_standard_heading_scale":5,"mobile_feature_heading_scale":5,"desktop_feature_heading_scale":10,"mobile_secondary_heading_scale":1,"desktop_secondary_heading_scale":1,"type_main_font":"dm_sans_n4","button_font":"main","button_uppercase":false,"sticker_font":"font-heading","stickers_uppercase":false,"product_tile_uppercase":false,"vertical_spacing_between_sections":"2rem:4rem","show_border_between_sections":false,"section_border_thickness":1,"button_border_radius":"9999px","button_color":"accent-1","secondary_button_color":"match_background","button_border_width":1,"button_drop_shadow_size":0,"button_shadow_color":"color-scheme-accent-2","button_shadow_direction":"bottom_right","button_show_border_on_shadow":false,"sticker_border_radius":"0","sticker_border_width":0,"sticker_border_color":"color-scheme-text","sticker_drop_shadow_size":0,"sticker_shadow_color":"color-scheme-card","sticker_shadow_direction":"top_left","sticker_show_border_on_shadow":true,"card_border_radius":"1rem","card_border_width":0,"card_border_color":"color-scheme-accent-2","card_drop_shadow_size":10,"card_shadow_style":"diagonal_lines","card_shadow_color":"color-scheme-gradient","card_shadow_direction":"bottom_right","card_show_border_on_shadow":true,"media_border_radius":"0.375rem","media_border_width":0,"media_border_color":"color-scheme-text","media_drop_shadow_size":0,"media_shadow_style":"zig_zag","media_shadow_color":"color-scheme-gradient","media_shadow_direction":"bottom_right","media_show_border_on_shadow":false,"icon_thickness":1.1,"product_tiles_show_vendor":false,"product_tiles_scatter":false,"product_tiles_aspect_ratio":"aspect-w-1 aspect-h-1","product_tile_media_shape":"blob","product_tiles_second_image_on_hover":true,"hover_effect_zoom_media":false,"hover_effect_enlarge_shape":false,"on_sale_badge_shape":"scalloped_circle_3","sold_out_badge_shape":"scalloped_circle_3","badge_font_size":"2.441rem","product_tile_metafield_badge":"badge","metafield_badge_shape":"scalloped_circle_1","use_buttons_if_product_has_two_variants":true,"apply_to_standard_headings":false,"apply_to_feature_headings":false,"heading_color":"color-scheme-accent-1","heading_stroke_thickness":2,"heading_stroke_color":"color-scheme-text","heading_drop_shadow_style":"none","heading_drop_shadow_size":13,"heading_drop_shadow_color":"color-scheme-accent-1","social_style":"text","cart_icon":"bag","enable_free_shipping_progress_in_cart":true,"navigation_font":"font-main","navigation_uppercase":false,"product_tiles_quick_buy":true,"button_border_color":"color-scheme-text","button_shadow_style":"full","sticker_shadow_style":"full","scatter_product_tiles":true,"sticker_color":"bg-scheme-card text-scheme-card-text","sticker_show_shadow":true,"image_style_1_style":"clip-triangle","image_style_1_border_width":2,"image_style_1_border_color":"bg-scheme-text","image_style_1_show_shadow":true,"image_style_1_shadow_style":"bg-current","image_style_1_shadow_color":"text-scheme-text","button_show_shadow":true,"card_show_shadow":true,"card_drop_shadow_spread":6,"heading_drop_shadow_spread":6,"button_style":"none","heading_drop_shadow_opacity":8,"color_primary_alt_background":"#ffaeae","color_primary_meta":"#161414","color_schemes":{"scheme1":{"settings":{"text":"#50463e","text_contrast":"#ffffff","background":"#ffffff","gradient":"","accent_1":"#ebdde2","accent_1_contrast":"#5b414a","accent_2":"#5b414a","accent_2_contrast":"#ebdde2","card_text":"#50463e","card":"#eeece7"}},"scheme2":{"settings":{"text":"#50463e","text_contrast":"#fffefc","background":"#eeece7","gradient":"","accent_1":"#d8cdda","accent_1_contrast":"#5b414a","accent_2":"#5b414a","accent_2_contrast":"#eeece7","card_text":"#50463e","card":"#ffffff"}},"scheme3":{"settings":{"text":"#f4eff2","text_contrast":"#5b414a","background":"#5b414a","gradient":"","accent_1":"#6a4a55","accent_1_contrast":"#f4eff2","accent_2":"#342329","accent_2_contrast":"#f4eff2","card_text":"#f4eff2","card":"#6a4a55"}},"scheme4":{"settings":{"text":"#584450","text_contrast":"#d9c8d2","background":"#d9c8d2","gradient":"","accent_1":"#eae0e6","accent_1_contrast":"#584450","accent_2":"#7c5a6a","accent_2_contrast":"#eae0e6","card_text":"#584450","card":"#eae0e6"}},"scheme5":{"settings":{"text":"#ffffff","text_contrast":"#000000","background":"#000000","gradient":"","accent_1":"#ffffff","accent_1_contrast":"#000000","accent_2":"#000000","accent_2_contrast":"#ffffff","card_text":"#ffffff","card":"#000000"}},"scheme6":{"settings":{"text":"#000000","text_contrast":"#ffffff","background":"#ffffff","gradient":"","accent_1":"#000000","accent_1_contrast":"#ffffff","accent_2":"#ffffff","accent_2_contrast":"#000000","card_text":"#000000","card":"#ffffff"}}}},"Playful":{"drawer_color_scheme":"scheme2","selected_text_background_color":"accent_2","base_font_size":16,"type_heading_font":"poppins_n7","heading_uppercase":false,"heading_letterspacing":-50,"heading_line_height":1.1,"mobile_standard_heading_scale":4,"desktop_standard_heading_scale":6,"mobile_feature_heading_scale":4,"desktop_feature_heading_scale":8,"mobile_secondary_heading_scale":1,"desktop_secondary_heading_scale":1,"type_main_font":"inter_n4","button_font":"main","button_uppercase":false,"sticker_font":"font-heading","stickers_uppercase":false,"product_tile_uppercase":false,"vertical_spacing_between_sections":"2rem:4rem","show_border_between_sections":false,"section_border_thickness":1,"button_border_radius":"9999px","button_color":"accent-1","secondary_button_color":"match_background","button_border_width":1,"button_drop_shadow_size":0,"button_shadow_color":"color-scheme-accent-2","button_shadow_direction":"bottom_right","button_show_border_on_shadow":false,"sticker_border_radius":"0","sticker_border_width":0,"sticker_border_color":"color-scheme-text","sticker_drop_shadow_size":0,"sticker_shadow_color":"color-scheme-card","sticker_shadow_direction":"top_left","sticker_show_border_on_shadow":true,"card_border_radius":"1rem","card_border_width":0,"card_border_color":"color-scheme-accent-2","card_drop_shadow_size":10,"card_shadow_style":"diagonal_lines","card_shadow_color":"color-scheme-gradient","card_shadow_direction":"bottom_right","card_show_border_on_shadow":true,"media_border_radius":"0.375rem","media_border_width":0,"media_border_color":"color-scheme-text","media_drop_shadow_size":0,"media_shadow_style":"zig_zag","media_shadow_color":"color-scheme-gradient","media_shadow_direction":"bottom_right","media_show_border_on_shadow":false,"icon_thickness":1.1,"product_tiles_show_vendor":false,"product_tiles_scatter":false,"product_tiles_aspect_ratio":"aspect-w-1 aspect-h-1","product_tile_media_shape":"blob","product_tiles_second_image_on_hover":true,"hover_effect_zoom_media":false,"hover_effect_enlarge_shape":false,"on_sale_badge_shape":"scalloped_circle_3","sold_out_badge_shape":"scalloped_circle_3","badge_font_size":"2.441rem","product_tile_metafield_badge":"badge","metafield_badge_shape":"scalloped_circle_1","use_buttons_if_product_has_two_variants":true,"apply_to_standard_headings":false,"apply_to_feature_headings":false,"heading_color":"color-scheme-accent-1","heading_stroke_thickness":2,"heading_stroke_color":"color-scheme-text","heading_drop_shadow_style":"none","heading_drop_shadow_size":13,"heading_drop_shadow_color":"color-scheme-accent-1","social_style":"text","cart_icon":"bag","enable_free_shipping_progress_in_cart":true,"navigation_font":"font-main","navigation_uppercase":false,"product_tiles_quick_buy":true,"button_border_color":"color-scheme-text","button_shadow_style":"full","sticker_shadow_style":"full","scatter_product_tiles":true,"sticker_color":"bg-scheme-card text-scheme-card-text","sticker_show_shadow":true,"image_style_1_style":"clip-triangle","image_style_1_border_width":2,"image_style_1_border_color":"bg-scheme-text","image_style_1_show_shadow":true,"image_style_1_shadow_style":"bg-current","image_style_1_shadow_color":"text-scheme-text","button_show_shadow":true,"card_show_shadow":true,"card_drop_shadow_spread":6,"heading_drop_shadow_spread":6,"button_style":"none","heading_drop_shadow_opacity":8,"color_primary_alt_background":"#ffaeae","color_primary_meta":"#161414","color_schemes":{"scheme1":{"settings":{"text":"#4d9e76","text_contrast":"#ffffff","background":"#ffffff","gradient":"","accent_1":"#b9e1ca","accent_1_contrast":"#0c221a","accent_2":"#0c221a","accent_2_contrast":"#ffffff","card_text":"#4d9e76","card":"#ffffff"}},"scheme2":{"settings":{"text":"#fffef4","text_contrast":"#8b635c","background":"#8b635c","gradient":"","accent_1":"#d0c1b7","accent_1_contrast":"#8b635c","accent_2":"#2b1d1d","accent_2_contrast":"#fffef4","card_text":"#8b635c","card":"#ffffff"}},"scheme3":{"settings":{"text":"#fffef4","text_contrast":"#4d9e76","background":"#4d9e76","gradient":"","accent_1":"#ffffff","accent_1_contrast":"#4d9e76","accent_2":"#0c221a","accent_2_contrast":"#fffef4","card_text":"#4d9e76","card":"#ffffff"}},"scheme4":{"settings":{"text":"#4d9e76","text_contrast":"#ffffff","background":"#f0f9f4","gradient":"","accent_1":"#b9e1ca","accent_1_contrast":"#0c221a","accent_2":"#0c221a","accent_2_contrast":"#ffffff","card_text":"#4d9e76","card":"#fffef4"}},"scheme5":{"settings":{"text":"#ffffff","text_contrast":"#000000","background":"#000000","gradient":"","accent_1":"#ffffff","accent_1_contrast":"#000000","accent_2":"#000000","accent_2_contrast":"#ffffff","card_text":"#ffffff","card":"#000000"}},"scheme6":{"settings":{"text":"#000000","text_contrast":"#ffffff","background":"#ffffff","gradient":"","accent_1":"#000000","accent_1_contrast":"#ffffff","accent_2":"#ffffff","accent_2_contrast":"#000000","card_text":"#000000","card":"#ffffff"}}}}},"platform_customizations":{"custom_css":["@font-face {font-family: Brandfont; src: url('https:\/\/cdn.shopify.com\/s\/files\/1\/0951\/6141\/8067\/files\/Fine_Orange_1.otf?v=1744008356'); }"," h2,h1{font-family: Brandfont !important;}","@font-face {font-family: Brandfont2; src: url('https:\/\/cdn.shopify.com\/s\/files\/1\/0951\/6141\/8067\/files\/LINESeedKR-Rg_2.otf?v=1744012727'); }"," h3,h4{font-family: Brandfont2 !important;"]}}